
{
  "user_name": "meemee",
  "host_name": "quartz135",
  "mpi_rank_count": 1,
  "curves": 
  {
    "t": [0.5, 1.0, 1.5, 2.0, 2.5, 3.0, 3.5, 4.0, 4.5, 5.0],
    "temperature": 
    {
      "l1norms": [10.6979157692354, 18.3765948528683, 26.3128480519363, 34.3189229116812, 42.3533612891994, 50.4023634950483, 58.4584689538893, 66.5212530514885, 74.5874952319559, 82.655411111782],
      "l2norms": [6.19201748380098, 10.4158581643768, 14.7542620687258, 19.1294412775534, 23.5208827303734, 27.9209142334018, 32.3260282933572, 36.7343964858957, 41.1449728586293, 45.5571160661106],
      "linfnorms": [9.67947492837959, 14.5364233711764, 19.3933718073589, 24.2503202446595, 29.1072686826896, 33.9642171212908, 38.8211655590669, 43.6781139968436, 48.5350624359093, 53.3920108725901],
      "avgs": [1.00000442154559, 1.00000646812766, 1.00000854935961, 1.00001064018867, 1.00001273387716, 1.00001482838765, 1.00001692320763, 1.00001901799004, 1.00002111296945, 1.00002320789424],
      "mins": [-8.0901266492571, -12.9442166485415, -17.798306648714, -22.6523966488866, -27.5064866499473, -32.3605766492317, -37.2146666502925, -42.0687566513532, -46.922846652414, -51.7769366534747],
      "maxs": [9.75083433669051, 14.6289513368083, 19.5070683360378, 24.3851853361556, 29.2633023371615, 34.1414193390556, 39.0195363391734, 43.8976533392911, 48.7757703411853, 53.653887341303]
    }
  },
  "sidre_group_name": "serac_summary"
}