
{
  "user_name": "meemee",
  "host_name": "quartz2337",
  "mpi_rank_count": 2,
  "curves": 
  {
    "t": [1.0, 2.0, 3.0, 4.0, 5.0, 6.0, 7.0, 8.0, 9.0, 10.0],
    "temperature": 
    {
      "l1norms": [4.8562357699684, 4.76591928842363, 4.756350433306, 4.75538642651868, 4.7552904031483, 4.75528086275154, 4.75527991540491, 4.75527982134665, 4.75527972728837, 4.75527980266994],
      "l2norms": [2.22741035770052, 2.18554313613263, 2.18115140459618, 2.18070929881613, 2.1806652643989, 2.18066088939213, 2.18066045496102, 2.1806604118281, 2.18066036869517, 2.1806604032634],
      "linfnorms": [1.07401398628174, 1.00635779678617, 1.00060750061734, 1.00005979235897, 1.00000592500087, 1.00000058800186, 1.00000005837287, 1.00000000579529, 0.999999999998448, 0.999999999999845],
      "avgs": [1.0199469852415, 1.0021015601811, 1.00021146000355, 1.00002105743761, 1.00000209203217, 1.00000020773273, 1.00000002062487, 1.00000000204768, 0.9999999834705, 0.9999999983589],
      "mins": [1.0, 1.0, 1.0, 1.0, 1.0, 1.0, 1.0, 1.0, 0.99999995320678, 0.999999995354363],
      "maxs": [1.07403230383871, 1.00635927411108, 1.00060764150602, 1.00005980614274, 1.00000592637221, 1.00000058813871, 1.00000005838647, 1.00000000579663, 1.0, 1.0]
    }
  },
  "sidre_group_name": "serac_summary"
}