
{
  "mpi_rank_count": 2,
  "curves": 
  {
    "t": [1.0, 2.0, 3.0, 4.0, 5.0, 6.0, 7.0, 8.0, 9.0, 10.0],
    "serac_temperature": 
    {
      "l1norms": [4.85623576996839, 4.76591928842362, 4.75635043330599, 4.75538642651867, 4.75529040314829, 4.75528086275153, 4.7552799154049, 4.75527982134663, 4.75527972728836, 4.75527980266993],
      "l2norms": [2.22741035770051, 2.18554313613263, 2.18115140459618, 2.18070929881613, 2.18066526439889, 2.18066088939212, 2.18066045496102, 2.18066041182809, 2.18066036869517, 2.18066040326339],
      "linfnorms": [1.07401398628173, 1.00635779678616, 1.00060750061733, 1.00005979235897, 1.00000592500086, 1.00000058800186, 1.00000005837287, 1.00000000579528, 0.999999999998448, 0.999999999999845],
      "avgs": [1.0199469852415, 1.0021015601811, 1.00021146000355, 1.00002105743761, 1.00000209203217, 1.00000020773273, 1.00000002062487, 1.00000000204768, 0.999999983470497, 0.999999998358899],
      "mins": [1.0, 1.0, 1.0, 1.0, 1.0, 1.0, 1.0, 1.0, 0.99999995320677, 0.999999995354356],
      "maxs": [1.0740323038387, 1.00635927411108, 1.00060764150601, 1.00005980614274, 1.0000059263722, 1.0000005881387, 1.00000005838647, 1.00000000579662, 1.0, 1.0]
    },
    "serac_temperature_rate": 
    {
      "l1norms": [0.78643928546087, 0.0903164815447565, 0.00956885511762401, 0.000964006787335842, 9.60233703697398e-05, 9.54039675507565e-06, 9.4734664087927e-07, 9.40582628249452e-08, 9.40582628249452e-08, 7.53815623922084e-08],
      "l2norms": [0.8172175244663, 0.0582673950252298, 0.00569970908619221, 0.000565477984890117, 5.61400525997739e-05, 5.57370727037095e-06, 5.53370736616729e-07, 5.49399495589403e-08, 5.49399495589403e-08, 4.40308144195931e-08],
      "linfnorms": [1.07407070713061, 0.0676561894955695, 0.0057502961688305, 0.000547708258367588, 5.38673581045218e-05, 5.33699900398228e-06, 5.29628988180441e-07, 5.25775897073613e-08, 5.25775897073613e-08, 4.21377586689273e-08],
      "avgs": [-0.13288181710971, -0.0178454250604076, -0.00189010017754631, -0.000190402565941921, -1.89654054408788e-05, -1.88429943829875e-06, -1.87107857567032e-07, -1.85771871134448e-08, -1.85771871134448e-08, 1.48884030393498e-08],
      "mins": [-0.954759480263416, -0.067673029727622, -0.00575163260506638, -0.00054783536327768, -5.38797705325878e-05, -5.33823349877698e-06, -5.29752234027402e-07, -5.25898502241312e-08, -5.25898502241312e-08, 0.0],
      "maxs": [0.0447012304240564, 0.0, 0.0, 0.0, 0.0, 0.0, 0.0, 0.0, 0.0, 4.21475862618653e-08]
    }
  },
  "sidre_group_name": "serac_summary"
}