
{
  "user_name": "white238",
  "host_name": "rzgenie12",
  "mpi_rank_count": 2,
  "curves": 
  {
    "t": [0.25, 0.5, 0.75, 1.0],
    "temperature": 
    {
      "l1norms": [10.8455612450063, 10.8769266990901, 10.9262526637545, 10.9890569749474],
      "l2norms": [4.0032557143949, 3.98778844023623, 3.98819314519665, 3.99834571964472],
      "linfnorms": [1.99858754555508, 1.99602762948269, 1.99349091889569, 1.99155204517398],
      "avgs": [1.36394528852752, 1.36810524509546, 1.37415334996515, 1.38184017007846],
      "mins": [1.00067514812945, 1.00311180843846, 1.00816133994727, 1.01610881693124],
      "maxs": [2.0, 2.0, 2.0, 2.0]
    },
    "velocity": 
    {
      "l1norms": [0.0, 0.0, 0.0, 0.0],
      "l2norms": [0.0, 0.0, 0.0, 0.0],
      "linfnorms": [0.0, 0.0, 0.0, 0.0],
      "avgs": [0.0, 0.0, 0.0, 0.0],
      "mins": [0.0, 0.0, 0.0, 0.0],
      "maxs": [0.0, 0.0, 0.0, 0.0]
    },
    "displacement": 
    {
      "l1norms": [0.0, 0.924966469035003, 1.84283500859848, 2.74688290675836],
      "l2norms": [0.0, 0.427599659305674, 0.851819882122632, 1.26946066146415],
      "linfnorms": [0.0, 0.310354814771331, 0.618486361369973, 0.921952252373591],
      "avgs": [0.0, 0.0391152700496381, 0.0763268640867222, 0.111371752822853],
      "mins": [0.0, -0.0382284827086096, -0.0908270386551352, -0.156722996902398],
      "maxs": [0.0, 0.317087633095987, 0.632901408765298, 0.944383176995519]
    }
  },
  "sidre_group_name": "serac_summary"
}