
{
  "user_name": "bramwell",
  "host_name": "heathfield",
  "mpi_rank_count": 2,
  "curves": 
  {
    "t": 1.0,
    "temperature": 
    {
      "l1norms": 0.862452496845751,
      "l2norms": 0.643674506713086,
      "linfnorms": 1.60116770909853,
      "avgs": 3.63624927433197e-08,
      "mins": -1.62966789714194,
      "maxs": 1.62966789714194
    }
  },
  "sidre_group_name": "serac_summary"
}