
{
  "user_name": "meemee",
  "host_name": "quartz1145",
  "mpi_rank_count": 2,
  "curves": 
  {
    "t": 1.0,
    "temperature": 
    {
      "l1norms": 4.03939012963783,
      "l2norms": 1.99715931246521,
      "linfnorms": 1.0,
      "avgs": 0.988446576455893,
      "mins": 0.968655998937587,
      "maxs": 1.0
    }
  },
  "sidre_group_name": "serac_summary"
}