
{
  "user_name": "meemee",
  "host_name": "quartz461",
  "mpi_rank_count": 2,
  "curves": 
  {
    "t": 1.0,
    "temperature": 
    {
      "l1norms": 5.58621580073052,
      "l2norms": 2.56980679270229,
      "linfnorms": 1.60406954577412,
      "avgs": 1.18080129273846,
      "mins": 0.99999985625699,
      "maxs": 1.6180367046668
    }
  },
  "sidre_group_name": "serac_summary"
}