
{
  "user_name": "meemee",
  "host_name": "quartz46",
  "mpi_rank_count": 2,
  "curves": 
  {
    "t": [1.0, 2.0, 3.0, 4.0, 5.0],
    "temperature": 
    {
      "l1norms": [4.8562357699684, 4.76591928842363, 4.756350433306, 4.75538642651868, 4.7552904031483],
      "l2norms": [2.22741035770052, 2.18554313613263, 2.18115140459618, 2.18070929881613, 2.1806652643989],
      "linfnorms": [1.07401398628174, 1.00635779678617, 1.00060750061734, 1.00005979235897, 1.00000592500087],
      "avgs": [1.0199469852415, 1.0021015601811, 1.00021146000355, 1.00002105743761, 1.00000209203217],
      "mins": [1.0, 1.0, 1.0, 1.0, 1.0],
      "maxs": [1.07403230383871, 1.00635927411108, 1.00060764150602, 1.00005980614274, 1.00000592637221]
    }
  },
  "sidre_group_name": "serac_summary"
}