
{
  "mpi_rank_count": 2,
  "curves": 
  {
    "t": [1.0, 2.0, 3.0, 4.0, 5.0, 6.0],
    "serac_velocity": 
    {
      "l1norms": [0.621399547405412, 0.614795917888362, 0.592990933006647, 0.578827413783805, 0.567787217494769, 0.56589849811862],
      "l2norms": [0.250112094585987, 0.246267451362745, 0.239304781848661, 0.235311920290815, 0.229532631957869, 0.225232358875523],
      "linfnorms": [0.13172113739701, 0.133747053219154, 0.129561054762284, 0.129995409133496, 0.124772728524272, 0.118528280718182],
      "avgs": [0.00983726168406399, 0.0102074726901676, 0.0103447001453963, 0.0107953688004996, 0.0119938587787191, 0.0131129036983459],
      "mins": [-0.106569207210374, -0.114387965568183, -0.0750001611611007, -0.0488184705202342, -0.0552957312438498, -0.0720075453621097],
      "maxs": [0.124448183244615, 0.117600147113336, 0.121622817082765, 0.121623593424656, 0.120032453965811, 0.114719596493362]
    },
    "serac_displacement": 
    {
      "l1norms": [0.623531354578795, 1.23959837805406, 1.8360074373904, 2.41940164627993, 2.97466915905532, 3.53404010429739],
      "l2norms": [0.251395612452693, 0.498432306762858, 0.738551567328656, 0.973458485619967, 1.19954787285573, 1.42249870088571],
      "linfnorms": [0.12927091026906, 0.257099326857118, 0.382329947864736, 0.508334417718395, 0.628010452977001, 0.741269637860971],
      "avgs": [0.009606130842032, 0.0196284980291478, 0.0299045844469297, 0.0404746189198776, 0.0518692327094869, 0.0644226139480195],
      "mins": [-0.103284603605187, -0.213763189994466, -0.308237639125511, -0.369927340732581, -0.40803164374575, -0.44065718175674],
      "maxs": [0.121306122872308, 0.241701664478531, 0.359517295653877, 0.477784005227048, 0.590952715113635, 0.699665144046654]
    },
    "serac_acceleration": 
    {
      "l1norms": [0.0654777086116831, 0.0786021947939323, 0.0706761708122134, 0.0835106009356516, 0.0673828377470278, 0.0851695401189811],
      "l2norms": [0.0297506774253756, 0.0351171774818629, 0.0336365076604355, 0.0373299689778236, 0.0299672784490504, 0.0355524149003174],
      "linfnorms": [0.04972055522461, 0.037968679388226, 0.0451594480706455, 0.0383523966510688, 0.0393764607845721, 0.0324534446391853],
      "avgs": [0.000462231800405048, 0.000370718221067009, 0.000137650733289111, 0.00045069485339762, 0.00119671028009746, 0.00111965239484101],
      "mins": [-0.0209403068669297, -0.0241545534011343, -0.0300262674141104, -0.0251039137297648, -0.0162880064660398, -0.0245135943222483],
      "maxs": [0.0459055401310692, 0.0363757089737871, 0.0405668283594659, 0.0403884769263061, 0.034755519170341, 0.0292719073805226]
    }
  },
  "sidre_group_name": "serac_summary"
}
