
{
  "mpi_rank_count": 1,
  "curves": 
  {
    "t": [1.0, 2.0, 3.0, 4.0, 5.0, 6.0],
    "serac_displacement": 
    {
      "l1norms": [0.624133432806399, 1.239428174758, 1.840401646356, 2.42009651647919, 2.98253852450626, 3.53380808386843],
      "l2norms": [0.251529518023628, 0.498413792395591, 0.739519866798342, 0.973629472075597, 1.20124209412665, 1.42250562867829],
      "linfnorms": [0.129270362094855, 0.257092542934212, 0.382324653650336, 0.508332122833021, 0.628050044489422, 0.741356294466233],
      "avgs": [0.00960611798705452, 0.0196287171922266, 0.0299055027158713, 0.040476462476162, 0.0518711245881893, 0.0644239632493792],
      "mins": [-0.103285954077874, -0.213770291452272, -0.308326567097481, -0.370104724357758, -0.408263578217205, -0.440970602879226],
      "maxs": [0.121305481349421, 0.24169313061542, 0.359511082877901, 0.477780713893751, 0.590991737759762, 0.699754527935724]
    },
    "serac_velocity": 
    {
      "l1norms": [0.621999605110004, 0.61474735521638, 0.594428370790936, 0.578976882315352, 0.569196935489605, 0.565753529486099],
      "l2norms": [0.250245490707484, 0.246274432246786, 0.239631677818874, 0.235369679443462, 0.229862288984433, 0.22524189172798],
      "linfnorms": [0.131719985452154, 0.13377164540318, 0.129567996553239, 0.130029347346016, 0.1247840670771, 0.118566650753595],
      "avgs": [0.00983723597410901, 0.0102079624362352, 0.0103456086110542, 0.0107963109095271, 0.0119930133145274, 0.0131126640078525],
      "mins": [-0.106571908155749, -0.114396766593047, -0.0751508914072667, -0.0488405298231832, -0.0552445989114227, -0.0719612576310269],
      "maxs": [0.124446900198842, 0.117590536247697, 0.121632504610241, 0.121644471137039, 0.120035617834565, 0.114805367106734]
    },
    "serac_acceleration": 
    {
      "l1norms": [0.0654777387161073, 0.07860229083697, 0.0706760017469606, 0.083510645320986, 0.0673827078211326, 0.0851695080009155],
      "l2norms": [0.029750684567795, 0.0351172259276276, 0.0336364308688909, 0.0373300189204699, 0.0299672075040668, 0.0355524003517251],
      "linfnorms": [0.049720529316964, 0.0379684129543653, 0.0451596166915385, 0.0383527860708172, 0.0393764438513328, 0.0324529542119579],
      "avgs": [0.000462235974109018, 0.000370726462126184, 0.000137646174818997, 0.00045070229847295, 0.00119670240500023, 0.00111965069332516],
      "mins": [-0.020940272765976, -0.0241544150563886, -0.0300257405297535, -0.0251037896407052, -0.0162870839880144, -0.024513432049809],
      "maxs": [0.0459054759047606, 0.0363757884734991, 0.0405665810054237, 0.0403889945500502, 0.0347550893768465, 0.0292720702460715]
    }
  },
  "sidre_group_name": "serac_summary"
}