
{
  "user_name": "meemee",
  "host_name": "quartz46",
  "mpi_rank_count": 1,
  "curves": 
  {
    "t": [1.0, 2.0, 3.0, 4.0, 5.0, 6.0],
    "velocity": 
    {
      "l1norms": [0.621399545625352, 0.614795951623921, 0.592990997943117, 0.578827514479633, 0.567787305021633, 0.565898487698363],
      "l2norms": [0.250112094074234, 0.246267469134417, 0.239304808276959, 0.235311931588086, 0.229532636427154, 0.225232359394577],
      "linfnorms": [0.131721139878488, 0.133747083804211, 0.129561066344072, 0.129995361463111, 0.124772724502797, 0.11852838080009],
      "avgs": [0.00983726177826178, 0.0102074690835518, 0.0103446951648041, 0.0107953614086023, 0.011993851849657, 0.0131129031812717],
      "mins": [-0.106569207628979, -0.114387937964795, -0.0750001294842161, -0.0488183859548353, -0.0552957490519026, -0.0720076187781978],
      "maxs": [0.124448183368352, 0.117600187103501, 0.121622839780596, 0.121623547718761, 0.120032493175104, 0.114719526651033]
    },
    "displacement": 
    {
      "l1norms": [0.62353135372935, 1.23959838974149, 1.83600750255403, 2.41940176130248, 2.97466936378322, 3.53404036155492],
      "l2norms": [0.251395612202566, 0.498432313953123, 0.738551596852397, 0.973458535626857, 1.19954794310109, 1.42249878103058],
      "linfnorms": [0.129270911699706, 0.257099318889242, 0.382329957432209, 0.508334447051211, 0.628010534367836, 0.741269695215678],
      "avgs": [0.0096061308891309, 0.0196284963200377, 0.0299045784442156, 0.0404746067309189, 0.0518692133600485, 0.0644225908755129],
      "mins": [-0.103284603814489, -0.213763176611376, -0.308237647568193, -0.369927342520029, -0.408031615986615, -0.440657231008615],
      "maxs": [0.121306122934176, 0.241701647481222, 0.359517305359091, 0.477784015222351, 0.590952778556965, 0.699665179019149]
    },
    "adjoint_displacement": 
    {
      "l1norms": [0.0, 0.0, 0.0, 0.0, 0.0, 0.0],
      "l2norms": [0.0, 0.0, 0.0, 0.0, 0.0, 0.0],
      "linfnorms": [0.0, 0.0, 0.0, 0.0, 0.0, 0.0],
      "avgs": [0.0, 0.0, 0.0, 0.0, 0.0, 0.0],
      "mins": [0.0, 0.0, 0.0, 0.0, 0.0, 0.0],
      "maxs": [0.0, 0.0, 0.0, 0.0, 0.0, 0.0]
    }
  },
  "sidre_group_name": "serac_summary"
}