
{
  "mpi_rank_count": 2,
  "curves": 
  {
    "t": [1.0, 2.0, 3.0, 4.0, 5.0, 6.0],
    "serac_displacement": 
    {
      "l1norms": [0.62413342834134, 1.23942812339946, 1.84040143517447, 2.42009604979439, 2.98253777494152, 3.53380709531997],
      "l2norms": [0.251529511688482, 0.498413762744136, 0.739519788090951, 0.973629323062374, 1.20124186495026, 1.42250532290017],
      "linfnorms": [0.129270365431323, 0.257092475284452, 0.382324620611116, 0.508332172561513, 0.628050259572665, 0.741356423602056],
      "avgs": [0.00960611590020252, 0.0196287068111411, 0.0299054821992577, 0.0404764303807177, 0.0518710811289252, 0.0644239132146019],
      "mins": [-0.103285988107523, -0.213770331066384, -0.308326904744637, -0.370104783919, -0.408263678821526, -0.440971048696267],
      "maxs": [0.121305473048523, 0.241693068216294, 0.359511081363607, 0.477780792874768, 0.590992034420835, 0.699754727501767]
    },
    "serac_velocity": 
    {
      "l1norms": [0.621999594107067, 0.614747240778871, 0.594428118408149, 0.578976608889449, 0.569196711271122, 0.565753393169639],
      "l2norms": [0.250245477547613, 0.246274392173238, 0.239631620324151, 0.235369607873817, 0.229862227896438, 0.225241841440913],
      "linfnorms": [0.131719981466967, 0.1337717093641, 0.129568290916503, 0.130029323256028, 0.124784191987421, 0.11856676907045],
      "avgs": [0.00983723180040505, 0.0102079500214721, 0.0103456007547612, 0.0107962956081588, 0.0119930058882562, 0.0131126582830973],
      "mins": [-0.106571976215045, -0.114396709702677, -0.0751506137909798, -0.0488393206948978, -0.0552445635312689, -0.0719612841894019],
      "maxs": [0.124446883597046, 0.117590608408403, 0.121632916226567, 0.121644367967164, 0.120035999237521, 0.114805817804794]
    },
    "serac_acceleration": 
    {
      "l1norms": [0.0654777086116831, 0.0786021947939323, 0.0706761708122134, 0.0835106009356516, 0.0673828377470278, 0.0851695401189811],
      "l2norms": [0.0297506774253756, 0.0351171774818629, 0.0336365076604355, 0.0373299689778236, 0.0299672784490504, 0.0355524149003174],
      "linfnorms": [0.04972055522461, 0.037968679388226, 0.0451594480706455, 0.0383523966510688, 0.0393764607845721, 0.0324534446391853],
      "avgs": [0.000462231800405048, 0.000370718221067009, 0.000137650733289111, 0.00045069485339762, 0.00119671028009746, 0.00111965239484101],
      "mins": [-0.0209403068669297, -0.0241545534011343, -0.0300262674141104, -0.0251039137297648, -0.0162880064660398, -0.0245135943222483],
      "maxs": [0.0459055401310692, 0.0363757089737871, 0.0405668283594659, 0.0403884769263061, 0.034755519170341, 0.0292719073805226]
    }
  },
  "sidre_group_name": "serac_summary"
}