
{
  "user_name": "meemee",
  "host_name": "quartz135",
  "mpi_rank_count": 2,
  "curves": 
  {
    "t": 1.0,
    "velocity": 
    {
      "l1norms": 0.0,
      "l2norms": 0.0,
      "linfnorms": 0.0,
      "avgs": 0.0,
      "mins": 0.0,
      "maxs": 0.0
    },
    "displacement": 
    {
      "l1norms": 1.67762690120102e+15,
      "l2norms": 2992425832729.72,
      "linfnorms": 8557111938.00971,
      "avgs": -1228677721.5092,
      "mins": -9122726635.85441,
      "maxs": 2770127722.55544
    },
    "adjoint_displacement": 
    {
      "l1norms": 0.0,
      "l2norms": 0.0,
      "linfnorms": 0.0,
      "avgs": 0.0,
      "mins": 0.0,
      "maxs": 0.0
    }
  },
  "sidre_group_name": "serac_summary"
}