
{
  "mpi_rank_count": 1,
  "curves": 
  {
    "t": 1.0,
    "velocity": 
    {
      "l1norms": 0.0,
      "l2norms": 0.0,
      "linfnorms": 0.0,
      "avgs": 0.0,
      "mins": 0.0,
      "maxs": 0.0
    },
    "displacement": 
    {
      "l1norms": 6.10582510583987,
      "l2norms": 2.79954038832304,
      "linfnorms": 2.03592820977647,
      "avgs": -0.38382632201004,
      "mins": -2.04157635378356,
      "maxs": 0.191269164111198
    },
    "adjoint_displacement": 
    {
      "l1norms": 0.0,
      "l2norms": 0.0,
      "linfnorms": 0.0,
      "avgs": 0.0,
      "mins": 0.0,
      "maxs": 0.0
    }
  },
  "sidre_group_name": "serac_summary"
}