
{
  "mpi_rank_count": 1,
  "curves": 
  {
    "t": 1.0,
    "velocity": 
    {
      "l1norms": 0.0,
      "l2norms": 0.0,
      "linfnorms": 0.0,
      "avgs": 0.0,
      "mins": 0.0,
      "maxs": 0.0
    },
    "displacement": 
    {
      "l1norms": 0.0380139735537583,
      "l2norms": 0.0159360717397347,
      "linfnorms": 0.010003509716059,
      "avgs": -0.0015861380803462,
      "mins": -0.0100708484528082,
      "maxs": 0.000328108665875911
    },
    "adjoint_displacement": 
    {
      "l1norms": 0.0,
      "l2norms": 0.0,
      "linfnorms": 0.0,
      "avgs": 0.0,
      "mins": 0.0,
      "maxs": 0.0
    }
  },
  "sidre_group_name": "serac_summary"
}