
{
  "user_name": "meemee",
  "host_name": "quartz2",
  "mpi_rank_count": 2,
  "curves": 
  {
    "t": 1.0,
    "velocity": 
    {
      "l1norms": 0.0,
      "l2norms": 0.0,
      "linfnorms": 0.0,
      "avgs": 0.0,
      "mins": 0.0,
      "maxs": 0.0
    },
    "displacement": 
    {
      "l1norms": 1.95006410505963,
      "l2norms": 3.0725532465425,
      "linfnorms": 13.7850688348039,
      "avgs": -0.407641749981539,
      "mins": -18.488253015702,
      "maxs": 4.95114675337821
    },
    "adjoint_displacement": 
    {
      "l1norms": 0.0,
      "l2norms": 0.0,
      "linfnorms": 0.0,
      "avgs": 0.0,
      "mins": 0.0,
      "maxs": 0.0
    }
  },
  "sidre_group_name": "serac_summary"
}