
{
  "user_name": "meemee",
  "host_name": "quartz68",
  "mpi_rank_count": 1,
  "curves": 
  {
    "t": 1.0,
    "temperature": 
    {
      "l1norms": 4.03939012963791,
      "l2norms": 1.9971593124652,
      "linfnorms": 1.0,
      "avgs": 0.988446576455896,
      "mins": 0.968655998937587,
      "maxs": 1.0
    }
  },
  "sidre_group_name": "serac_summary"
}