
{
  "user_name": "meemee",
  "host_name": "quartz68",
  "mpi_rank_count": 1,
  "curves": 
  {
    "t": [0.0001, 0.0002, 0.0003, 0.0004, 0.0005, 0.0006, 0.0007, 0.0008, 0.0009, 0.001],
    "temperature": 
    {
      "l1norms": [5.52842539177346, 5.52842518467728, 5.5284253656413, 5.52842573412142, 5.52842616080402, 5.5284265663632, 5.52842690609414, 5.52842715882962, 5.5284273189757, 5.52842739082006],
      "l2norms": [2.65542251072453, 2.65443682105495, 2.65358488701767, 2.65282608373154, 2.6521358264281, 2.65149832021517, 2.65090288415136, 2.65034197522157, 2.64981006701606, 2.64930298193625],
      "linfnorms": [2.0950581811349, 2.07982636082271, 2.0780958388412, 2.07284891332872, 2.06712404096705, 2.06480831894406, 2.06292129470458, 2.06046676464511, 2.05755465213114, 2.05428181884866],
      "avgs": [1.1530504593718, 1.15313900444181, 1.15315916324764, 1.15314647509683, 1.15312002484407, 1.15308970869349, 1.15306036166305, 1.1530340875165, 1.15301156234505, 1.15299275462981],
      "mins": [0.973198187035175, 0.958046825274558, 0.950540342951748, 0.94805615149548, 0.948864003579393, 0.951814331479002, 0.956138682040679, 0.96111843279053, 0.966507385802196, 0.972209540550103],
      "maxs": [2.04235144658829, 2.06644951210552, 2.07859642908788, 2.08289912544842, 2.08205931449369, 2.07786975327587, 2.07152902864249, 2.06384331778017, 2.05737768906015, 2.05617710550052]
    }
  },
  "sidre_group_name": "serac_summary"
}