
{
  "mpi_rank_count": 1,
  "curves": 
  {
    "t": [1.0, 2.0, 3.0, 4.0, 5.0, 6.0],
    "serac_velocity": 
    {
      "l1norms": [0.621399556473554, 0.614795932222138, 0.59299095278431, 0.578827596794006, 0.567787422727583, 0.565898610602028],
      "l2norms": [0.250112096686039, 0.246267454749482, 0.239304790364463, 0.235311983503356, 0.229532681027992, 0.225232403169526],
      "linfnorms": [0.131721117917582, 0.13374699591133, 0.129561000457199, 0.129995331399174, 0.124772623879401, 0.118528281370322],
      "avgs": [0.00983726185068149, 0.0102074705638147, 0.0103446919600633, 0.0107953624676153, 0.0119938382449712, 0.0131129002952608],
      "mins": [-0.106569197323489, -0.114388059053219, -0.0749995195674547, -0.048818685478668, -0.0552958348610414, -0.0720075318598361],
      "maxs": [0.12444816374523, 0.117600107844999, 0.121622647099937, 0.121623427176008, 0.120032347337687, 0.114719415578794]
    },
    "serac_displacement": 
    {
      "l1norms": [0.623531359162929, 1.23959839064004, 1.83600745073608, 2.41940173325206, 2.97466943548475, 3.53404052315755],
      "l2norms": [0.251395613996565, 0.498432309185511, 0.738551570341719, 0.973458524266585, 1.19954797985943, 1.42249885537424],
      "linfnorms": [0.129270898549856, 0.25709926649323, 0.382329896253893, 0.508334359652478, 0.628010415343569, 0.741269604240727],
      "avgs": [0.00960613092534074, 0.0196284971325889, 0.0299045783945278, 0.0404746056083672, 0.0518692059646605, 0.0644225752347765],
      "mins": [-0.103284598661744, -0.213763226850098, -0.308237598066768, -0.369927282496162, -0.408031347678698, -0.440657227316583],
      "maxs": [0.121306113122615, 0.241701610525893, 0.359517243512089, 0.47778390775939, 0.590952646439994, 0.699665018250717]
    },
    "serac_acceleration": 
    {
      "l1norms": [0.0654777294151562, 0.0786023265911346, 0.070676027634981, 0.0835107386182643, 0.0673827783957269, 0.0851695585162491],
      "l2norms": [0.029750673288622, 0.0351172404039372, 0.033636445593402, 0.037330061143461, 0.0299672865171001, 0.0355524425274192],
      "linfnorms": [0.0497204925566904, 0.0379684769633605, 0.0451594825793524, 0.0383528557507343, 0.039376600521439, 0.0324534166783274],
      "avgs": [0.000462229809172092, 0.000370718089744022, 0.00013765213062441, 0.000450692456267008, 0.00119671184954634, 0.00111965430162709],
      "mins": [-0.0209403076931295, -0.0241544299365075, -0.0300260048856811, -0.0251038619680911, -0.016287486343594, -0.0245135641664105],
      "maxs": [0.0459052892002198, 0.0363758698447475, 0.0405665104475319, 0.0403891810074765, 0.0347550454153745, 0.0292722844177035]
    }
  },
  "sidre_group_name": "serac_summary"
}
