
{
  "mpi_rank_count": 1,
  "curves": 
  {
    "t": [1.0, 2.0, 3.0, 4.0, 5.0, 6.0],
    "serac_displacement": 
    {
      "l1norms": [0.624133445685589, 1.23942817422266, 1.8404016044292, 2.42009648525954, 2.98253852941844, 3.53380811798154],
      "l2norms": [0.251529521894169, 0.498413786890275, 0.739519844217816, 0.97362944877621, 1.20124207730023, 1.42250562004246],
      "linfnorms": [0.129270359875735, 0.257092490220862, 0.382324573545325, 0.508332038713084, 0.628049953672262, 0.741356212166571],
      "avgs": [0.00960611490458604, 0.0196287037586302, 0.0299054777228585, 0.0404764239805325, 0.0518710723911132, 0.0644239038772806],
      "mins": [-0.103285968337053, -0.213770329911698, -0.308326825525133, -0.370105009461507, -0.40826368917436, -0.440970696732981],
      "maxs": [0.121305470052208, 0.241693057810639, 0.359510978806723, 0.477780625308578, 0.59099162104609, 0.699754414583068]
    },
    "serac_velocity": 
    {
      "l1norms": [0.621999629786774, 0.614747291346913, 0.594428354602046, 0.578976956372166, 0.569197013912972, 0.565753607756741],
      "l2norms": [0.250245497817819, 0.246274406456007, 0.239631673775797, 0.235369694572078, 0.229862309369683, 0.225241913616991],
      "linfnorms": [0.131719979474806, 0.13377165906929, 0.129567976720773, 0.13002932045165, 0.124784017156824, 0.118566551074239],
      "avgs": [0.00983722980917209, 0.0102079478989161, 0.0103456000295405, 0.0107962924858075, 0.0119930043353539, 0.013112658636981],
      "mins": [-0.106571936674107, -0.114396786475183, -0.0751508635712267, -0.0488401631210627, -0.0552445167443998, -0.0719611688912459],
      "maxs": [0.124446877604416, 0.117590474011243, 0.121632501628488, 0.121644506516159, 0.12003552465607, 0.114805280971394]
    },
    "serac_acceleration": 
    {
      "l1norms": [0.0654777294151562, 0.0786023265911346, 0.070676027634981, 0.0835107386182643, 0.0673827783957269, 0.0851695585162491],
      "l2norms": [0.029750673288622, 0.0351172404039372, 0.033636445593402, 0.037330061143461, 0.0299672865171001, 0.0355524425274192],
      "linfnorms": [0.0497204925566904, 0.0379684769633605, 0.0451594825793524, 0.0383528557507343, 0.039376600521439, 0.0324534166783274],
      "avgs": [0.000462229809172092, 0.000370718089744022, 0.00013765213062441, 0.000450692456267008, 0.00119671184954634, 0.00111965430162709],
      "mins": [-0.0209403076931295, -0.0241544299365075, -0.0300260048856811, -0.0251038619680911, -0.016287486343594, -0.0245135641664105],
      "maxs": [0.0459052892002198, 0.0363758698447475, 0.0405665104475319, 0.0403891810074765, 0.0347550454153745, 0.0292722844177035]
    }
  },
  "sidre_group_name": "serac_summary"
}