
{
  "mpi_rank_count": 2,
  "curves": 
  {
    "t": [1.0, 2.0, 3.0, 4.0, 5.0, 6.0],
    "serac_velocity": 
    {
      "l1norms": [0.621399556473554, 0.61479593222214, 0.592990952784311, 0.578827596794007, 0.567787422727581, 0.565898610602028],
      "l2norms": [0.250112096686039, 0.246267454749482, 0.239304790364463, 0.235311983503356, 0.229532681027992, 0.225232403169526],
      "linfnorms": [0.131721117917582, 0.13374699591133, 0.129561000457199, 0.129995331399174, 0.124772623879401, 0.118528281370322],
      "avgs": [0.0098372618506815, 0.0102074705638147, 0.0103446919600633, 0.0107953624676153, 0.0119938382449712, 0.0131129002952609],
      "mins": [-0.106569197323489, -0.114388059053219, -0.0749995195674547, -0.0488186854786686, -0.0552958348610418, -0.0720075318598369],
      "maxs": [0.12444816374523, 0.117600107844999, 0.121622647099937, 0.121623427176008, 0.120032347337687, 0.114719415578794]
    },
    "serac_displacement": 
    {
      "l1norms": [0.623531359162929, 1.23959839064004, 1.83600745073607, 2.41940173325206, 2.97466943548475, 3.53404052315755],
      "l2norms": [0.251395613996565, 0.498432309185511, 0.738551570341719, 0.973458524266585, 1.19954797985943, 1.42249885537425],
      "linfnorms": [0.129270898549856, 0.25709926649323, 0.382329896253893, 0.508334359652478, 0.62801041534357, 0.741269604240727],
      "avgs": [0.00960613092534075, 0.0196284971325888, 0.0299045783945279, 0.0404746056083672, 0.0518692059646605, 0.0644225752347765],
      "mins": [-0.103284598661744, -0.213763226850098, -0.308237598066768, -0.369927282496162, -0.408031347678698, -0.440657227316584],
      "maxs": [0.121306113122615, 0.241701610525893, 0.359517243512089, 0.47778390775939, 0.590952646439994, 0.699665018250717]
    },
    "serac_acceleration": 
    {
      "l1norms": [0.0654777294151564, 0.0786023265911346, 0.0706760276349811, 0.0835107386182643, 0.0673827783957269, 0.085169558516249],
      "l2norms": [0.029750673288622, 0.0351172404039372, 0.033636445593402, 0.037330061143461, 0.0299672865171001, 0.0355524425274192],
      "linfnorms": [0.0497204925566904, 0.0379684769633604, 0.0451594825793524, 0.0383528557507344, 0.0393766005214392, 0.0324534166783274],
      "avgs": [0.000462229809172092, 0.000370718089744023, 0.000137652130624409, 0.000450692456267011, 0.00119671184954633, 0.00111965430162711],
      "mins": [-0.0209403076931295, -0.0241544299365075, -0.0300260048856812, -0.0251038619680913, -0.0162874863435943, -0.0245135641664107],
      "maxs": [0.0459052892002198, 0.0363758698447475, 0.0405665104475318, 0.0403891810074767, 0.0347550454153749, 0.0292722844177058]
    }
  },
  "sidre_group_name": "serac_summary"
}
