
{
  "mpi_rank_count": 2,
  "curves": 
  {
    "t": [0.0001, 0.0002, 0.0003, 0.0004, 0.0005, 0.0006, 0.0007, 0.0008, 0.0009, 0.001],
    "serac_temperature": 
    {
      "l1norms": [5.52842539177347, 5.5284251846773, 5.5284253656413, 5.52842573412141, 5.52842616080401, 5.52842656636319, 5.52842690609411, 5.52842715882963, 5.52842731897569, 5.52842739082005],
      "l2norms": [2.65542251072453, 2.65443682105495, 2.65358488701767, 2.65282608373154, 2.6521358264281, 2.65149832021517, 2.65090288415137, 2.65034197522156, 2.64981006701606, 2.64930298193626],
      "linfnorms": [2.0950581811349, 2.07982636082271, 2.0780958388412, 2.07284891332872, 2.06712404096705, 2.06480831894406, 2.06292129470458, 2.06046676464511, 2.05755465213114, 2.05428181884866],
      "avgs": [1.1530504593718, 1.15313900444181, 1.15315916324764, 1.15314647509683, 1.15312002484407, 1.15308970869348, 1.15306036166305, 1.1530340875165, 1.15301156234505, 1.15299275462981],
      "mins": [0.973198187035175, 0.958046825274558, 0.950540342951748, 0.94805615149548, 0.948864003579393, 0.951814331479002, 0.956138682040679, 0.96111843279053, 0.966507385802196, 0.972209540550103],
      "maxs": [2.04235144658829, 2.06644951210552, 2.07859642908788, 2.08289912544842, 2.08205931449369, 2.07786975327587, 2.07152902864249, 2.06384331778017, 2.05737768906015, 2.05617710550052]
    },
    "serac_temperature_rate": 
    {
      "l1norms": [558.041172298059, 344.332332598638, 249.2365233502, 186.224314452346, 160.216207240209, 129.075500730164, 115.979117880494, 101.448795087072, 92.9965716092237, 85.4005942587199],
      "l2norms": [739.266141141165, 344.985873754475, 235.563114368869, 181.611648503282, 149.309926301933, 127.938717381706, 112.802119757408, 101.491986795758, 92.666834772811, 85.5385380802565],
      "linfnorms": [2375.3827794412, 896.863710745144, 606.626441492607, 480.773176873841, 313.540420531209, 313.080643504233, 216.316209228439, 221.170089893745, 169.120727141567, 166.680033107491],
      "avgs": [8.86628082350577, -12.4316591436073, 7.69503509285683, -5.4717640552457, 3.7292420598413, -2.57277738599614, 1.77089534596084, -1.20379345957199, 0.827166335038445, -0.560591084083028],
      "mins": [-4559.71586500606, -1479.21888577656, -642.08853392323, -661.524519822815, -306.065511588177, -401.601213009406, -205.580392171398, -267.303164194672, -161.022552910562, -192.49457841306],
      "maxs": [2898.22294527633, 806.158089440582, 815.24613595071, 408.791643374065, 356.141105433683, 253.595299927872, 190.651068276395, 178.499032579707, 131.800955003742, 135.837464179682]
    }
  },
  "sidre_group_name": "serac_summary"
}