
{
  "mpi_rank_count": 2,
  "curves": 
  {
    "t": [1.0, 2.0, 3.0, 4.0, 5.0],
    "serac_temperature": 
    {
      "l1norms": [4.85623576996839, 4.76591928842362, 4.75635043330599, 4.75538642651867, 4.75529040314829],
      "l2norms": [2.22741035770051, 2.18554313613263, 2.18115140459618, 2.18070929881613, 2.18066526439889],
      "linfnorms": [1.07401398628173, 1.00635779678616, 1.00060750061733, 1.00005979235897, 1.00000592500086],
      "avgs": [1.0199469852415, 1.0021015601811, 1.00021146000355, 1.00002105743761, 1.00000209203217],
      "mins": [1.0, 1.0, 1.0, 1.0, 1.0],
      "maxs": [1.0740323038387, 1.00635927411108, 1.00060764150601, 1.00005980614274, 1.0000059263722]
    },
    "serac_temperature_rate": 
    {
      "l1norms": [0.78643928546087, 0.0903164815447565, 0.00956885511762401, 0.000964006787335842, 9.60233703697398e-05],
      "l2norms": [0.8172175244663, 0.0582673950252298, 0.00569970908619221, 0.000565477984890117, 5.61400525997739e-05],
      "linfnorms": [1.07407070713061, 0.0676561894955695, 0.0057502961688305, 0.000547708258367588, 5.38673581045218e-05],
      "avgs": [-0.13288181710971, -0.0178454250604076, -0.00189010017754631, -0.000190402565941921, -1.89654054408788e-05],
      "mins": [-0.954759480263416, -0.067673029727622, -0.00575163260506638, -0.00054783536327768, -5.38797705325878e-05],
      "maxs": [0.0447012304240564, 0.0, 0.0, 0.0, 0.0]
    }
  },
  "sidre_group_name": "serac_summary"
}